{"cameraMode":{"drawMode":0,"name":"Shaded","section":"Shading Mode"},"sceneLighting":true,"audioPlay":false,"sceneViewState":{"m_AlwaysRefresh":false,"showFog":true,"showSkybox":true,"showFlares":true,"showImageEffects":true,"showParticleSystems":true,"showVisualEffectGraphs":true,"m_FxEnabled":true},"in2DMode":false,"pivot":{"x":-0.654288113117218,"y":0.09926795959472656,"z":0.47484779357910159},"rotation":{"x":-0.00513601116836071,"y":-0.8928238749504089,"z":0.45027151703834536,"w":-0.010184526443481446},"size":15.599212646484375,"orthographic":false}